{
    "epochs": [
        0
    ],
    "losess": [
        1.1166048356082237
    ],
    "best_val": 1.1240848425355128,
    "best_test": 1.1166048356082237,
    "best_epoch": 0
}